bleu,bertscore,bertscore_p,bertscore_r,IoU,Coverage (target words),delta,word
0.0,0.6555540561676025,0.6607245206832886,0.6504639387130737,1.0,1.0,0,Armenhaus
0.018738883683389607,0.6359983384609222,0.6204759776592255,0.6523675918579102,1.0,1.0,0,abdecken
0.06567274736060395,0.6840062737464905,0.6852213740348816,0.682795524597168,1.0,1.0,0,Abgesang
0.0,0.624531877040863,0.5901293754577637,0.6645096898078918,1.0,1.0,0,Fuß
0.016633499006456106,0.6312737266222636,0.6074814399083456,0.6600933273633321,1.0,1.0,0,Manschette
0.0,0.6177153587341309,0.5935211777687073,0.6439658999443054,1.0,1.0,0,Schmiere
0.08116697886877475,0.6794958114624023,0.6757404804229736,0.6832931041717529,1.0,1.0,0,abbauen
0.0,0.6220206618309021,0.6122539043426514,0.6321040391921997,1.0,1.0,0,Ohrwurm
