bleu,bertscore,bertscore_p,bertscore_r,IoU,Coverage (target words),delta,word
0.10682175159905853,0.788703978061676,0.7542886734008789,0.8264099955558777,1.0,1.0,0,abbauen
0.0,0.6019914746284485,0.5819048881530762,0.6235144138336182,1.0,1.0,0,Schmiere
0.0,0.6091294884681702,0.5920566320419312,0.6272162199020386,1.0,1.0,0,Ohrwurm
0.0,0.6404517531394959,0.6080185294151306,0.676645028591156,1.0,1.0,0,Fuß
0.015892356734856984,0.6697137157122294,0.6647888819376627,0.6750067075093588,1.0,1.0,0,Manschette
0.02098057453148274,0.6741032004356384,0.6659805774688721,0.6824438869953156,1.0,1.0,0,abdecken
0.04767707020457095,0.6728927493095398,0.676272988319397,0.6695461273193359,1.0,1.0,0,Abgesang
0.0,0.620182454586029,0.6032745242118835,0.6380655765533447,1.0,1.0,0,Armenhaus
